question,answer,contexts,ground_truth
What is the user advised to do with the microphone to improve audio quality?,Người dùng được khuyên nên di chuyển micro lại gần cằm hơn và hạ thấp xuống một chút để không đặt trực tiếp trước miệng.,"[""[00:07:55] Speaker 2: we put a hint that something like that might happen into the document?\n[00:07:59] Speaker 3: Maybe the speaker characterization might get slimmer.\n[00:08:02] Speaker 1: Yeah, that's right. I really want to do it. It's not going to be difficult if at least have all the information pop up that is already in the metadata file. That's going to be new work to do. So it's definitely going to be something natural. We might make it disappear, but we"", ""[00:00:02] Speaker 1: You didn't need a laptop today. No, not actually. Still got three microphones off.\n[00:00:28] Speaker 0: Actually, if you could, if you could move your microphone a bit\n[00:00:31] Speaker 1: closer to your chin and you could move just a bit down so it's not right in front of your mouth, that's good. Okay, looks good."", ""[00:08:02] Speaker 1: Yeah, that's right. I really want to do it. It's not going to be difficult if at least have all the information pop up that is already in the metadata file. That's going to be new work to do. So it's definitely going to be something natural. We might make it disappear, but we\n[00:08:16] Speaker 3: might thin it down a bit. But\n[00:08:19] Speaker 1: we might not, you know. Yeah, we might turn out what you didn't think. It's"", '[00:06:12] Speaker 1: so maybe I mean we should we should definitely well we could probably not put it under this heading but put it under changes since the initial specification and say we decided there \n[00:06:26] Speaker 3: are more important things\n[00:06:33] Speaker 1: we would prefer to concentrate on the main. And I think we should probably comment explicitly on the milestones here as well and say, we managed to do.', ""[00:21:06] Speaker 2: we're gonna do the XML then fine\n[00:21:12] Speaker 0: We're not gonna do much more than just look at the. Like the text for this one is because we're not gonna search it and we're not gonna like listen to it. It's what I'm doing the audio thing. Yeah, it's just displaying it.\n[00:21:33] Speaker 1: Yeah, you don't really need to do much more with it. We don't really need to do much more with it.""]",Di chuyển microphone gần cằm hơn một chút và hướng xuống dưới để nó không nằm ngay trước miệng.
What is Speaker 1's regular working timeframe?,Thời gian làm việc thường lệ của Speaker 1 là từ 12 giờ đến 3 giờ.,"[""[00:04:01] Speaker 2: Yeah, well, I mean it's up to you if you want to keep going with that.\n[00:04:14] Speaker 1: I mean it's up to you. I'm happy to do some as well. I have lots of time tonight. And then I'll send it to you. You can do the final version. I'll look at it like when my usual working hours are like from 12 o'clock to 3 o'clock or something. I know you're\n[00:04:27] Speaker 0: not going to get attention going around anyways."", ""[00:25:58] Speaker 2: Like the thing that was single there as well is that once it's done for you know one meeting it's done. Just it doesn't make any difference really either way to me. It's like if it's fast enough on the fly and ensure. That's about the only issue I have with on the fly. Yeah, especially with Java\n[00:26:28] Speaker 1: Yeah,\n[00:26:30] Speaker 3: it's after it's like"", '[00:22:15] Speaker 3: it just goes through and says that this word equals that, then print.\n[00:22:18] Speaker 1: Yeah. Yeah.\n[00:22:19] Speaker 3: Just a bunch of this stuff. You', ""[00:21:52] Speaker 3: but there'll be no question of history\n[00:21:54] Speaker 1: I don't think it's going to take long to do it anyway, it's just another, I mean these meetings are not endlessly long, it's just words and to print all of them out selectively. It doesn't want to fly away, doesn't it? Yeah. So then\n[00:22:15] Speaker 3: it just goes through and says that this word equals that, then print."", ""[00:02:29] Speaker 2: going to put into that? Well, just sort of, well, the thing is, yeah, we're going to be touching on all that during the other part of the process. Yeah, because I mean,\n[00:02:35] Speaker 1: that's better than what we're doing here, isn't it, the whole...\n[00:02:38] Speaker 2: Yeah, well, it's just something that he had mentioned in the previous, like just to sort of have a prototype together and sort of saying that, you know, we could potentially do that. Yeah, which is not something we have to... This could be just""]",Khoảng từ 12 giờ đến 3 giờ.
What trick did the group discuss to create the impression of always being busy online?,Nhóm thảo luận về việc để máy tính mở (leave your computer on) để tạo cảm giác luôn bận rộn.,"['[00:04:44] Speaker 0:  You  never  go to  bed.\n[00:04:47] Speaker 2:  Just  leave  your  computer  on, maybe.  Yeah,  you  pretend.  Always  busy.\n[00:04:56] Speaker 0:  So  maybe,', ""[00:04:27] Speaker 0: not going to get attention going around anyways.\n[00:04:36] Speaker 1:  always  online.  It  always  makes  me  feel  bad  because  when  I  go  to  bed  at  like  1,  you're still  online.\n[00:04:44] Speaker 0:  You  never  go to  bed."", '[00:00:43] Speaker 2: I wish I could get this first thing and just sort of did a really sort of brief version of what we have to do.\n[00:01:22] Speaker 0: Interesting stuff at the meeting?\n[00:01:33] Speaker 3: Yeah', ""[00:04:56] Speaker 0:  So  maybe,\n[00:04:57] Speaker 2:   but  I'm  never  online  in  the  morning,  so... Notice  that,  no  one  is.\n[00:05:02] Speaker 1:  Yeah,  so...  Okay,  so  I'll  send  it up  to  you."", ""[00:14:02] Speaker 1: so. At the moment is there a window that comes up or is that a second result of pain or is it larger?\n[00:14:10] Speaker 2: I think what we sort of discussed last week was to have it on the same window, so beyond the search window, bottom half the search window. I know we still want to keep it that way but that's when it's going to be working. So it's just like you click those and it just loads up, splits that thing into two or three or whatever it is. One, two, three, depending on which one you check. So if we want to do it that way, it probably doesn't matter too much, just try to think if there's going to be any other issues down the road. Well, you\n[00:14:42] Speaker 3: can confuse me. Excuse me. Do you have three separate windows for three separate different types of results? No, just panes, just result panes. OK, not three different ones. No, no,""]",Đề xuất cứ để máy tính bật và trực tuyến để giả vờ như bản thân luôn bận rộn.
"At around minute 00:05:30, what task did the group decide they could completely remove from the specification document?","Nhóm quyết định có thể loại bỏ hoàn toàn việc ""loại bỏ các mục khỏi nội dung tài liệu"" (removing things from the body of fire).","[""[00:07:40] Speaker 3: Is this supposed to be done already? Oh, really? Yeah, two days\n[00:07:44] Speaker 2: ago. For one of those, something that you want to change and delete from a list of expectations?\n[00:07:52] Speaker 1: Give me a week and I'll tell you the answer. Should"", ""[00:07:52] Speaker 1: Give me a week and I'll tell you the answer. Should\n[00:07:55] Speaker 2: we put a hint that something like that might happen into the document?\n[00:07:59] Speaker 3: Maybe the speaker characterization might get slimmer."", ""[00:05:16] Speaker 2: Was there anything else we wanted to add to the timeline? You can't see it right there. There's more. Oh, this is the one that... Yeah, let's just copy it straight out. \n[00:05:30] Speaker 0: I probably want to think about if we want to change our goals and stuff. I think one thing that we could probably skip totally is the removing things from the body of fire. That's what I thought as well. Are \n[00:05:47] Speaker 1: we actually going to attempt that? No. "", '[00:00:43] Speaker 2: I wish I could get this first thing and just sort of did a really sort of brief version of what we have to do.\n[00:01:22] Speaker 0: Interesting stuff at the meeting?\n[00:01:33] Speaker 3: Yeah', '[00:06:09] Speaker 2: some sort of time warp thing. Time work things yeah \n[00:06:12] Speaker 1: so maybe I mean we should we should definitely well we could probably not put it under this heading but put it under changes since the initial specification and say we decided there \n[00:06:26] Speaker 3: are more important things']",Họ quyết định có thể bỏ qua hoàn toàn việc xóa bớt các đối tượng khỏi 'body of fire'.
Why does the group think it is a good idea to mention the tasks they haven't had time to do?,"Nhóm cho rằng đó là nội dung tốt cho phần ""công việc tương lai"" (future work) và là một phần kết luận thú vị để trình bày những gì họ có thể đã làm nếu có thêm thời gian.","[""[00:05:52] Speaker 1: going to be... we don't even know how to approach that. \n[00:05:54] Speaker 3: It's a good thing to have to say what we could have done if we had more time. It's a good future work thing, isn't it? It's going to be a conclusion. It's a fun report. Should have we had more time. Yeah, \n[00:06:06] Speaker 1: yeah, yeah, that's right. Unless we discover "", '[00:06:12] Speaker 1: so maybe I mean we should we should definitely well we could probably not put it under this heading but put it under changes since the initial specification and say we decided there \n[00:06:26] Speaker 3: are more important things\n[00:06:33] Speaker 1: we would prefer to concentrate on the main. And I think we should probably comment explicitly on the milestones here as well and say, we managed to do.', ""[00:26:32] Speaker 2: It's just it's just a fall it really\n[00:26:43] Speaker 1: So shall we all write a letter or two about future work as well?\n[00:26:48] Speaker 3: Yeah, I included a future work in my own section, but I just said, I said what I've done so far and what I'm going to do. Yeah, well, maybe. And some issues."", '[00:00:43] Speaker 2: I wish I could get this first thing and just sort of did a really sort of brief version of what we have to do.\n[00:01:22] Speaker 0: Interesting stuff at the meeting?\n[00:01:33] Speaker 3: Yeah', ""[00:06:50] Speaker 2: Yeah, this one is. Or some of them were a bit\n[00:06:53] Speaker 3: later or something. Yeah, that's a good one. That should have\n[00:06:56] Speaker 1: a section. Like, we have a prototype GUI, you know. Yeah, we managed to do that. Nicely.""]",Vì nó có thể được đưa vào phần kết luận của báo cáo như một gợi ý cho các công việc trong tương lai (future work).
"According to Speaker 1, which milestone have they successfully completed?",Tài liệu cuộc họp không đề cập đến vấn đề này.,"[""[00:15:06] Speaker 2: see all of them at the same time. But you wouldn't want to compare\n[00:15:09] Speaker 1: one topic result with one summary result?\n[00:15:12] Speaker 2: Well, it's no. But the thing is, if you're looking, if you check them both, you'll see all the results. Yeah. Especially"", '[00:06:26] Speaker 3: are more important things\n[00:06:33] Speaker 1: we would prefer to concentrate on the main. And I think we should probably comment explicitly on the milestones here as well and say, we managed to do.\n[00:06:50] Speaker 2: Yeah, this one is. Or some of them were a bit', '[00:10:12] Speaker 0: Yeah.\n[00:10:14] Speaker 1: Have you managed any further on the search thing?\n[00:10:18] Speaker 2: I found, finally, today, something that I can build it in, and I should have something for tomorrow. I should have, at least, very least have a GUI on that one. I want to get something, I want to see this, I want to get it together, have an image of my mom, just want to see it on the thing and then give her a screenshot.', ""[00:26:48] Speaker 3: Yeah, I included a future work in my own section, but I just said, I said what I've done so far and what I'm going to do. Yeah, well, maybe. And some issues.\n[00:26:57] Speaker 1: Maybe you could complete that.\n[00:27:00] Speaker 2: Oh, we can do each. Yeah, like here"", ""[00:25:58] Speaker 2: Like the thing that was single there as well is that once it's done for you know one meeting it's done. Just it doesn't make any difference really either way to me. It's like if it's fast enough on the fly and ensure. That's about the only issue I have with on the fly. Yeah, especially with Java\n[00:26:28] Speaker 1: Yeah,\n[00:26:30] Speaker 3: it's after it's like""]",Họ đã xây dựng thành công giao diện người dùng mẫu (prototype GUI).
How many days does the speaker have left to finish the topic segment?,Tài liệu cuộc họp không đề cập đến vấn đề này.,"[""[00:15:06] Speaker 2: see all of them at the same time. But you wouldn't want to compare\n[00:15:09] Speaker 1: one topic result with one summary result?\n[00:15:12] Speaker 2: Well, it's no. But the thing is, if you're looking, if you check them both, you'll see all the results. Yeah. Especially"", ""[00:26:48] Speaker 3: Yeah, I included a future work in my own section, but I just said, I said what I've done so far and what I'm going to do. Yeah, well, maybe. And some issues.\n[00:26:57] Speaker 1: Maybe you could complete that.\n[00:27:00] Speaker 2: Oh, we can do each. Yeah, like here"", ""[00:07:44] Speaker 2: ago. For one of those, something that you want to change and delete from a list of expectations?\n[00:07:52] Speaker 1: Give me a week and I'll tell you the answer. Should\n[00:07:55] Speaker 2: we put a hint that something like that might happen into the document?"", '[00:28:06] Speaker 0: want to talk about? You all have sleep already.\n[00:28:09] Speaker 1: Burnt out. \n[00:28:14] Speaker 2: Maybe asleep.', ""[00:25:58] Speaker 2: Like the thing that was single there as well is that once it's done for you know one meeting it's done. Just it doesn't make any difference really either way to me. It's like if it's fast enough on the fly and ensure. That's about the only issue I have with on the fly. Yeah, especially with Java\n[00:26:28] Speaker 1: Yeah,\n[00:26:30] Speaker 3: it's after it's like""]",Chỉ còn 6 ngày.
What is the current development goal of the system determined to be?,"Mục tiêu hiện tại là phát triển hệ thống hoàn toàn theo hướng ""unmarketing"" (không tiếp thị).","[""[00:07:21] Speaker 2: Jesus. I don't know. You don't know who the SPNL PSI must be. And\n[00:07:23] Speaker 1: you can say, yeah. We say we're still aiming for the development to be completely unmarketing. Speaking character,\n[00:07:40] Speaker 3: Is this supposed to be done already? Oh, really? Yeah, two days"", ""[00:27:06] Speaker 3: of continuity if you do that there. Yeah, so I think sometimes it's easier to have it in its own instructions. Yeah,\n[00:27:13] Speaker 2: that does make sense, but maybe at the end, maybe just a point form of things that we're still working on. Goals or something.\n[00:27:20] Speaker 3: Yeah, that's right. Bullet points. No, maybe. Because if you have a discursive thing here and then another discursive thing there, they're not together, you lose a lot of continuity. That sounds good. Anything else you"", ""[00:02:04] Speaker 2: Actually, for that, I was just copying them one straight over the other document, so it's all whatever.\n[00:02:24] Speaker 1: I'm not sure if we need the outline as a prototype, I mean, what are we\n[00:02:29] Speaker 2: going to put into that? Well, just sort of, well, the thing is, yeah, we're going to be touching on all that during the other part of the process. Yeah, because I mean,"", ""[00:02:29] Speaker 2: going to put into that? Well, just sort of, well, the thing is, yeah, we're going to be touching on all that during the other part of the process. Yeah, because I mean,\n[00:02:35] Speaker 1: that's better than what we're doing here, isn't it, the whole...\n[00:02:38] Speaker 2: Yeah, well, it's just something that he had mentioned in the previous, like just to sort of have a prototype together and sort of saying that, you know, we could potentially do that. Yeah, which is not something we have to... This could be just"", ""[00:14:02] Speaker 1: so. At the moment is there a window that comes up or is that a second result of pain or is it larger?\n[00:14:10] Speaker 2: I think what we sort of discussed last week was to have it on the same window, so beyond the search window, bottom half the search window. I know we still want to keep it that way but that's when it's going to be working. So it's just like you click those and it just loads up, splits that thing into two or three or whatever it is. One, two, three, depending on which one you check. So if we want to do it that way, it probably doesn't matter too much, just try to think if there's going to be any other issues down the road. Well, you\n[00:14:42] Speaker 3: can confuse me. Excuse me. Do you have three separate windows for three separate different types of results? No, just panes, just result panes. OK, not three different ones. No, no,""]",Phát triển hoàn toàn theo hướng không thương mại hóa (completely unmarketing).
"At minute 00:08:47, what additional document did Speaker 1 propose creating to divide the work?",Tài liệu cuộc họp không đề cập đến vấn đề này.,"[""[00:15:06] Speaker 2: see all of them at the same time. But you wouldn't want to compare\n[00:15:09] Speaker 1: one topic result with one summary result?\n[00:15:12] Speaker 2: Well, it's no. But the thing is, if you're looking, if you check them both, you'll see all the results. Yeah. Especially"", ""[00:09:48] Speaker 2: any more of it? No, not the disappointment. Okay, we could probably, I don't have time to look at that before tomorrow. You can have. Yeah, maybe, yeah. We could just make it up. I'll claim\n[00:10:04] Speaker 1: one, you claim the other for the search things, and then we could leave that one as a joint one.\n[00:10:12] Speaker 0: Yeah."", ""[00:15:21] Speaker 2: Yeah, exactly. Yeah. So there's some way of the topic in the transcript. That's true. Or we could just put them all into one result pane. Yeah. On that same\n[00:15:31] Speaker 1: window. I mean, we could order them by meeting, for\n[00:15:34] Speaker 2: example. Oh, yeah. I guess that's the other thing, whether we want to have this reorder by call or"", ""[00:25:58] Speaker 2: Like the thing that was single there as well is that once it's done for you know one meeting it's done. Just it doesn't make any difference really either way to me. It's like if it's fast enough on the fly and ensure. That's about the only issue I have with on the fly. Yeah, especially with Java\n[00:26:28] Speaker 1: Yeah,\n[00:26:30] Speaker 3: it's after it's like"", ""[00:26:32] Speaker 2: It's just it's just a fall it really\n[00:26:43] Speaker 1: So shall we all write a letter or two about future work as well?\n[00:26:48] Speaker 3: Yeah, I included a future work in my own section, but I just said, I said what I've done so far and what I'm going to do. Yeah, well, maybe. And some issues.""]",Đề xuất tạo tài liệu về trách nhiệm cho các gói công việc (responsibility of packages) để chỉ rõ ai chịu trách nhiệm phần nào.
"As of today, what progress has been made on the work related to the search function (search thing)?",Speaker 2 đã tìm thấy công cụ để xây dựng tính năng này và dự kiến sẽ có kết quả (ít nhất là giao diện GUI) vào ngày mai.,"['[00:10:12] Speaker 0: Yeah.\n[00:10:14] Speaker 1: Have you managed any further on the search thing?\n[00:10:18] Speaker 2: I found, finally, today, something that I can build it in, and I should have something for tomorrow. I should have, at least, very least have a GUI on that one. I want to get something, I want to see this, I want to get it together, have an image of my mom, just want to see it on the thing and then give her a screenshot.', ""[00:19:17] Speaker 2: I think. Night object model, I think.\n[00:19:21] Speaker 3: With the moving the disciplines, have you done anything with that yet?\n[00:19:44] Speaker 2: Because I was wondering how we're going to write it back to HTML. I mean, XML, if we did the processing, writing it back to XML. I thought we were"", ""[00:06:06] Speaker 1: yeah, yeah, that's right. Unless we discover \n[00:06:09] Speaker 2: some sort of time warp thing. Time work things yeah \n[00:06:12] Speaker 1: so maybe I mean we should we should definitely well we could probably not put it under this heading but put it under changes since the initial specification and say we decided there "", ""[00:14:02] Speaker 1: so. At the moment is there a window that comes up or is that a second result of pain or is it larger?\n[00:14:10] Speaker 2: I think what we sort of discussed last week was to have it on the same window, so beyond the search window, bottom half the search window. I know we still want to keep it that way but that's when it's going to be working. So it's just like you click those and it just loads up, splits that thing into two or three or whatever it is. One, two, three, depending on which one you check. So if we want to do it that way, it probably doesn't matter too much, just try to think if there's going to be any other issues down the road. Well, you\n[00:14:42] Speaker 3: can confuse me. Excuse me. Do you have three separate windows for three separate different types of results? No, just panes, just result panes. OK, not three different ones. No, no,"", ""[00:09:48] Speaker 2: any more of it? No, not the disappointment. Okay, we could probably, I don't have time to look at that before tomorrow. You can have. Yeah, maybe, yeah. We could just make it up. I'll claim\n[00:10:04] Speaker 1: one, you claim the other for the search things, and then we could leave that one as a joint one.\n[00:10:12] Speaker 0: Yeah.""]","Đã tìm được nền tảng để xây dựng, dự kiến sẽ có ít nhất một giao diện người dùng (GUI) cơ bản vào ngày mai để tạo ảnh chụp màn hình."
"At around 00:11:39, what method in Java did Speaker 3 mention to get the time property?","Speaker 3 đề cập đến phương thức ""get attribute"" (để lấy danh sách thuộc tính) và cụ thể hơn là ""start time"" và ""end time"" để lấy thông tin thời gian.","[""[00:11:16] Speaker 0: still, like, struggle with Java stuff. I think I was wondering about that. I haven't looked at it so much, but if any of you guys know how we could do that, like, from the extract words that you did, like, also in extract time\n[00:11:39] Speaker 3: stamps or something, is it? easy. Yeah, when he pulls up the segments, part of that, one of the attributes, if you do get attributes, you can call the method get attributes, it returns a list of attributes, search through those and then just you can, that will tell you what attributes it's got. And then you can automatically, or you can just hard code and say, look, get me the timestamps. So you just say, get attribute input, I think it's, I think the method is called get attribute, it's called start time and end time. Okay. And that will tell you the start times and end times. I think it returns a double.\n[00:12:16] Speaker 0: Okay."", ""[00:07:55] Speaker 2: we put a hint that something like that might happen into the document?\n[00:07:59] Speaker 3: Maybe the speaker characterization might get slimmer.\n[00:08:02] Speaker 1: Yeah, that's right. I really want to do it. It's not going to be difficult if at least have all the information pop up that is already in the metadata file. That's going to be new work to do. So it's definitely going to be something natural. We might make it disappear, but we"", ""[00:19:11] Speaker 1: not. Most of these are called Nom. Yeah,\n[00:19:13] Speaker 3: well, it's Nom anyway. Night object model?\n[00:19:17] Speaker 2: I think. Night object model, I think."", ""[00:20:22] Speaker 1: So, as opposed to... Oh, select what we want, just take bits of the XML, only take certain segments.\n[00:20:36] Speaker 3: Yeah.\n[00:20:38] Speaker 1: only print out certain segments of segments that we want just selectively at the moment it prints out all of them. Yeah, we'll just put an if loop in it. Yeah, that leaves out some of the same thing. Yeah. Yeah, not not store it."", ""[00:05:07] Speaker 0:  I'll  tell  you. I'll  send  it  out  to  you  again.\n[00:05:10] Speaker 3:  \n[00:05:16] Speaker 2: Was there anything else we wanted to add to the timeline? You can't see it right there. There's more. Oh, this is the one that... Yeah, let's just copy it straight out. ""]",Gọi phương thức 'get attribute' để lấy thông tin về 'start time' và 'end time'.
"According to the description, what is the return data type for the time properties (start time, end time)?","Dữ liệu kiểu trả về cho các thuộc tính thời gian (start time, end time) là double.","[""[00:11:16] Speaker 0: still, like, struggle with Java stuff. I think I was wondering about that. I haven't looked at it so much, but if any of you guys know how we could do that, like, from the extract words that you did, like, also in extract time\n[00:11:39] Speaker 3: stamps or something, is it? easy. Yeah, when he pulls up the segments, part of that, one of the attributes, if you do get attributes, you can call the method get attributes, it returns a list of attributes, search through those and then just you can, that will tell you what attributes it's got. And then you can automatically, or you can just hard code and say, look, get me the timestamps. So you just say, get attribute input, I think it's, I think the method is called get attribute, it's called start time and end time. Okay. And that will tell you the start times and end times. I think it returns a double.\n[00:12:16] Speaker 0: Okay."", ""[00:10:59] Speaker 2: sometimes it's a bit of a motivating factor, too. I mean, you write down the words and the ideas as, oh, okay, we'll do this. How about the\n[00:11:08] Speaker 3: underlying data for the converted file? Well, I\n[00:11:16] Speaker 0: still, like, struggle with Java stuff. I think I was wondering about that. I haven't looked at it so much, but if any of you guys know how we could do that, like, from the extract words that you did, like, also in extract time"", ""[00:06:50] Speaker 2: Yeah, this one is. Or some of them were a bit\n[00:06:53] Speaker 3: later or something. Yeah, that's a good one. That should have\n[00:06:56] Speaker 1: a section. Like, we have a prototype GUI, you know. Yeah, we managed to do that. Nicely."", ""[00:05:07] Speaker 0:  I'll  tell  you. I'll  send  it  out  to  you  again.\n[00:05:10] Speaker 3:  \n[00:05:16] Speaker 2: Was there anything else we wanted to add to the timeline? You can't see it right there. There's more. Oh, this is the one that... Yeah, let's just copy it straight out. "", ""[00:20:22] Speaker 1: So, as opposed to... Oh, select what we want, just take bits of the XML, only take certain segments.\n[00:20:36] Speaker 3: Yeah.\n[00:20:38] Speaker 1: only print out certain segments of segments that we want just selectively at the moment it prints out all of them. Yeah, we'll just put an if loop in it. Yeah, that leaves out some of the same thing. Yeah. Yeah, not not store it.""]",Trả về kiểu dữ liệu double.
"At 00:14:02, what did Speaker 2 wonder about how to display the types of search results?","Speaker 2 băn khoăn liệu các kết quả tìm kiếm (topics, transcripts, summaries) nên được hiển thị trong các khung kết quả riêng biệt cho từng loại hay tất cả trong một khung duy nhất với biểu tượng hoặc màu sắc khác nhau để phân biệt.","[""[00:21:33] Speaker 1: Yeah, you don't really need to do much more with it. We don't really need to do much more with it.\n[00:21:37] Speaker 2: How would we display that. If we could do this one, we could it.chens file.\n[00:21:42] Speaker 3: We will just be a blurb. That's what this works"", ""[00:13:17] Speaker 2: I haven't made a lot of changes to it, so I might just delete what I've done and copied it from yours, because I'm sure you've probably made some changes already. Not since you don't do it. Oh, really? Since Friday? No. Okay. I thought you said, okay, all right, I see. Okay, I thought you said that you had written some things that maybe I've caught some bugs and that you were coming pixels on the weekend or something. No. No, okay. After the weekend. Okay. Okay. The weekend was after. Okay.\n[00:13:18] Speaker 2: Yeah, so if you know, although there's stuff out there that, actually, I'm gonna try and minimize the amount of changes that I made to end browser anyways. Shouldn't, shouldn't be an issue. Actually, just to clarify last week when we were talking about our search results, like if we have topics as well as transcripts as well as in the summaries, do we want separate result panes for each of those or do we want them all in one pane with like an icon or a different color? one pane with like an icon or a different color or something to indicate what type of result they are so that when they click on that it's going to go to the relevant thing, like just if they check all three say topics, so we have three different windows come up or three like\n[00:14:02] Speaker 1: so. At the moment is there a window that comes up or is that a second result of pain or is it larger?"", ""[00:14:51] Speaker 0: no. OK, no. So\n[00:14:55] Speaker 2: it's just when we click topics and summaries for what we want to search, then there'll be two result panes. Yeah. Or tabs. Or it's one for tabs. I don't know,\n[00:15:03] Speaker 1: really, tabs. I quite like the idea of tabs. But then you can't"", ""[00:15:09] Speaker 1: one topic result with one summary result?\n[00:15:12] Speaker 2: Well, it's no. But the thing is, if you're looking, if you check them both, you'll see all the results. Yeah. Especially\n[00:15:18] Speaker 1: if you get results for the same meeting."", ""[00:14:02] Speaker 1: so. At the moment is there a window that comes up or is that a second result of pain or is it larger?\n[00:14:10] Speaker 2: I think what we sort of discussed last week was to have it on the same window, so beyond the search window, bottom half the search window. I know we still want to keep it that way but that's when it's going to be working. So it's just like you click those and it just loads up, splits that thing into two or three or whatever it is. One, two, three, depending on which one you check. So if we want to do it that way, it probably doesn't matter too much, just try to think if there's going to be any other issues down the road. Well, you\n[00:14:42] Speaker 3: can confuse me. Excuse me. Do you have three separate windows for three separate different types of results? No, just panes, just result panes. OK, not three different ones. No, no,""]","Thắc mắc liệu nên có các bảng điều khiển (panes) riêng biệt cho từng loại kết quả, hay gom tất cả vào chung một bảng."
What is the disadvantage of using tabs for search results?,"Nhược điểm khi sử dụng các tab là người dùng có thể gặp khó khăn khi có kết quả cho cùng một cuộc họp xuất hiện ở các tab khác nhau (ví dụ: một kết quả là chủ đề, một kết quả là bản ghi âm).","[""[00:13:17] Speaker 2: I haven't made a lot of changes to it, so I might just delete what I've done and copied it from yours, because I'm sure you've probably made some changes already. Not since you don't do it. Oh, really? Since Friday? No. Okay. I thought you said, okay, all right, I see. Okay, I thought you said that you had written some things that maybe I've caught some bugs and that you were coming pixels on the weekend or something. No. No, okay. After the weekend. Okay. Okay. The weekend was after. Okay.\n[00:13:18] Speaker 2: Yeah, so if you know, although there's stuff out there that, actually, I'm gonna try and minimize the amount of changes that I made to end browser anyways. Shouldn't, shouldn't be an issue. Actually, just to clarify last week when we were talking about our search results, like if we have topics as well as transcripts as well as in the summaries, do we want separate result panes for each of those or do we want them all in one pane with like an icon or a different color? one pane with like an icon or a different color or something to indicate what type of result they are so that when they click on that it's going to go to the relevant thing, like just if they check all three say topics, so we have three different windows come up or three like\n[00:14:02] Speaker 1: so. At the moment is there a window that comes up or is that a second result of pain or is it larger?"", ""[00:14:51] Speaker 0: no. OK, no. So\n[00:14:55] Speaker 2: it's just when we click topics and summaries for what we want to search, then there'll be two result panes. Yeah. Or tabs. Or it's one for tabs. I don't know,\n[00:15:03] Speaker 1: really, tabs. I quite like the idea of tabs. But then you can't"", ""[00:15:18] Speaker 1: if you get results for the same meeting.\n[00:15:21] Speaker 2: Yeah, exactly. Yeah. So there's some way of the topic in the transcript. That's true. Or we could just put them all into one result pane. Yeah. On that same\n[00:15:31] Speaker 1: window. I mean, we could order them by meeting, for"", ""[00:15:09] Speaker 1: one topic result with one summary result?\n[00:15:12] Speaker 2: Well, it's no. But the thing is, if you're looking, if you check them both, you'll see all the results. Yeah. Especially\n[00:15:18] Speaker 1: if you get results for the same meeting."", ""[00:14:02] Speaker 1: so. At the moment is there a window that comes up or is that a second result of pain or is it larger?\n[00:14:10] Speaker 2: I think what we sort of discussed last week was to have it on the same window, so beyond the search window, bottom half the search window. I know we still want to keep it that way but that's when it's going to be working. So it's just like you click those and it just loads up, splits that thing into two or three or whatever it is. One, two, three, depending on which one you check. So if we want to do it that way, it probably doesn't matter too much, just try to think if there's going to be any other issues down the road. Well, you\n[00:14:42] Speaker 3: can confuse me. Excuse me. Do you have three separate windows for three separate different types of results? No, just panes, just result panes. OK, not three different ones. No, no,""]","Nếu dùng tab, người dùng sẽ không thể nhìn thấy và so sánh tất cả các loại kết quả cùng một lúc."
What criteria is considered the most reasonable for sorting search results if displayed on the same window?,Tiêu chí được đề xuất là sắp xếp các kết quả tìm kiếm theo cuộc họp (order them by meeting).,"[""[00:14:02] Speaker 1: so. At the moment is there a window that comes up or is that a second result of pain or is it larger?\n[00:14:10] Speaker 2: I think what we sort of discussed last week was to have it on the same window, so beyond the search window, bottom half the search window. I know we still want to keep it that way but that's when it's going to be working. So it's just like you click those and it just loads up, splits that thing into two or three or whatever it is. One, two, three, depending on which one you check. So if we want to do it that way, it probably doesn't matter too much, just try to think if there's going to be any other issues down the road. Well, you\n[00:14:42] Speaker 3: can confuse me. Excuse me. Do you have three separate windows for three separate different types of results? No, just panes, just result panes. OK, not three different ones. No, no,"", ""[00:15:06] Speaker 2: see all of them at the same time. But you wouldn't want to compare\n[00:15:09] Speaker 1: one topic result with one summary result?\n[00:15:12] Speaker 2: Well, it's no. But the thing is, if you're looking, if you check them both, you'll see all the results. Yeah. Especially"", ""[00:15:12] Speaker 2: Well, it's no. But the thing is, if you're looking, if you check them both, you'll see all the results. Yeah. Especially\n[00:15:18] Speaker 1: if you get results for the same meeting.\n[00:15:21] Speaker 2: Yeah, exactly. Yeah. So there's some way of the topic in the transcript. That's true. Or we could just put them all into one result pane. Yeah. On that same"", ""[00:15:21] Speaker 2: Yeah, exactly. Yeah. So there's some way of the topic in the transcript. That's true. Or we could just put them all into one result pane. Yeah. On that same\n[00:15:31] Speaker 1: window. I mean, we could order them by meeting, for\n[00:15:34] Speaker 2: example. Oh, yeah. I guess that's the other thing, whether we want to have this reorder by call or""]","Sắp xếp theo từng cuộc họp (meeting), vì các dữ liệu này về cơ bản tuân theo thứ tự thời gian."
What solution was proposed to easily distinguish different types of search results on the same list?,Sử dụng biểu tượng (icon) hoặc màu sắc khác nhau để phân biệt các loại kết quả.,"[""[00:15:06] Speaker 2: see all of them at the same time. But you wouldn't want to compare\n[00:15:09] Speaker 1: one topic result with one summary result?\n[00:15:12] Speaker 2: Well, it's no. But the thing is, if you're looking, if you check them both, you'll see all the results. Yeah. Especially"", ""[00:15:18] Speaker 1: if you get results for the same meeting.\n[00:15:21] Speaker 2: Yeah, exactly. Yeah. So there's some way of the topic in the transcript. That's true. Or we could just put them all into one result pane. Yeah. On that same\n[00:15:31] Speaker 1: window. I mean, we could order them by meeting, for"", ""[00:13:17] Speaker 2: I haven't made a lot of changes to it, so I might just delete what I've done and copied it from yours, because I'm sure you've probably made some changes already. Not since you don't do it. Oh, really? Since Friday? No. Okay. I thought you said, okay, all right, I see. Okay, I thought you said that you had written some things that maybe I've caught some bugs and that you were coming pixels on the weekend or something. No. No, okay. After the weekend. Okay. Okay. The weekend was after. Okay.\n[00:13:18] Speaker 2: Yeah, so if you know, although there's stuff out there that, actually, I'm gonna try and minimize the amount of changes that I made to end browser anyways. Shouldn't, shouldn't be an issue. Actually, just to clarify last week when we were talking about our search results, like if we have topics as well as transcripts as well as in the summaries, do we want separate result panes for each of those or do we want them all in one pane with like an icon or a different color? one pane with like an icon or a different color or something to indicate what type of result they are so that when they click on that it's going to go to the relevant thing, like just if they check all three say topics, so we have three different windows come up or three like\n[00:14:02] Speaker 1: so. At the moment is there a window that comes up or is that a second result of pain or is it larger?"", ""[00:14:51] Speaker 0: no. OK, no. So\n[00:14:55] Speaker 2: it's just when we click topics and summaries for what we want to search, then there'll be two result panes. Yeah. Or tabs. Or it's one for tabs. I don't know,\n[00:15:03] Speaker 1: really, tabs. I quite like the idea of tabs. But then you can't""]",Sử dụng phương pháp đánh dấu bằng mã màu (color code) cho các loại kết quả.
"According to the conversation, what is the name of the dedicated object model to display transcription frames?",Tài liệu cuộc họp không đề cập đến vấn đề này.,"[""[00:19:11] Speaker 1: not. Most of these are called Nom. Yeah,\n[00:19:13] Speaker 3: well, it's Nom anyway. Night object model?\n[00:19:17] Speaker 2: I think. Night object model, I think."", ""[00:24:20] Speaker 0: believe\n[00:24:22] Speaker 2: it. You have to start defining object models like\n[00:24:25] Speaker 2: the night thing and getting used to this. I was thinking I might try and talk to Jonathan and Gene, just to see what system they used to develop this stuff. It would be nice to have all the tools there and just have the object model and just kind of like plug and play with everything and just actually use the system at a higher level rather than kind of playing around with a little bit of coding and modifying your coding and just sort of see what they're doing. It seems to be more interesting to use it as a real developer mode. It just seems like a little tinkering here and there, just adding a couple things."", ""[00:07:52] Speaker 1: Give me a week and I'll tell you the answer. Should\n[00:07:55] Speaker 2: we put a hint that something like that might happen into the document?\n[00:07:59] Speaker 3: Maybe the speaker characterization might get slimmer."", '[00:00:43] Speaker 2: I wish I could get this first thing and just sort of did a really sort of brief version of what we have to do.\n[00:01:22] Speaker 0: Interesting stuff at the meeting?\n[00:01:33] Speaker 3: Yeah']",Được gọi là Night Object Model (Nom).
Why did the participants decide to abandon processing XML files directly with Java?,"Vì quá trình này quá phức tạp và họ cảm thấy việc thực hiện bằng ""night stuff"" dễ dàng hơn nhiều.","[""[00:21:42] Speaker 3: We will just be a blurb. That's what this works\n[00:21:48] Speaker 2: because its is the test file\n[00:21:52] Speaker 3: but there'll be no question of history"", ""[00:28:29] Speaker 2: She can take it from now on.\n[00:28:35] Speaker 0: How come?\n[00:28:36] Speaker 2: I can... I don't know. Actually that's a good idea. I'll take one quick look over. Try and get it as good as I think that way."", ""[00:23:19] Speaker 3: file. Should they just be if statements? I was\n[00:23:25] Speaker 2: just thinking, I mean, it's probably been used like XSLT to kind of just transform it. Flip it into just the transform zone like style sheet. It's kind of like there's usually things built into, well it should be built into Java and process XML. Like it just creates whatever file it's going to be. It's been a couple of years since I've looked at it and I like this, but that might even be an easier way. And then that way we could even preprocess that before. I don't know, we don't want to have to do that, right? I wouldn't even try to read it in XML, Java was complicated enough. I gave up doing that completely. I devoted back to night stuff because it was much, much easier. So if we can do it with night stuff, do it with night stuff. Java and trying to do it was just so complicated. You can't\n[00:24:20] Speaker 0: believe"", ""[00:19:21] Speaker 3: With the moving the disciplines, have you done anything with that yet?\n[00:19:44] Speaker 2: Because I was wondering how we're going to write it back to HTML. I mean, XML, if we did the processing, writing it back to XML. I thought we were\n[00:20:01] Speaker 2: just going to have that as words, like not as XML, just sort of as a...""]","Vì Java quá phức tạp trong việc đọc XML, yêu cầu định nghĩa các object models, nên họ chuyển sang dùng 'night stuff' vì dễ dàng hơn nhiều."
"At around minute 00:26:47, what was suggested to be added to the report document to talk about the next direction?","Câu trả lời: Đề xuất thêm một phần về ""future work"" (công việc tương lai) vào tài liệu.","[""[00:07:52] Speaker 1: Give me a week and I'll tell you the answer. Should\n[00:07:55] Speaker 2: we put a hint that something like that might happen into the document?\n[00:07:59] Speaker 3: Maybe the speaker characterization might get slimmer."", '[00:00:43] Speaker 2: I wish I could get this first thing and just sort of did a really sort of brief version of what we have to do.\n[00:01:22] Speaker 0: Interesting stuff at the meeting?\n[00:01:33] Speaker 3: Yeah', ""[00:27:06] Speaker 3: of continuity if you do that there. Yeah, so I think sometimes it's easier to have it in its own instructions. Yeah,\n[00:27:13] Speaker 2: that does make sense, but maybe at the end, maybe just a point form of things that we're still working on. Goals or something.\n[00:27:20] Speaker 3: Yeah, that's right. Bullet points. No, maybe. Because if you have a discursive thing here and then another discursive thing there, they're not together, you lose a lot of continuity. That sounds good. Anything else you"", ""[00:26:43] Speaker 1: So shall we all write a letter or two about future work as well?\n[00:26:48] Speaker 3: Yeah, I included a future work in my own section, but I just said, I said what I've done so far and what I'm going to do. Yeah, well, maybe. And some issues.\n[00:26:57] Speaker 1: Maybe you could complete that.""]",Đề xuất mọi người cùng viết một hoặc hai dòng về các công việc sẽ làm trong tương lai (future work).
Why is it not recommended to place the 'future work' section directly interspersed under each completed task item?,Tài liệu cuộc họp không đề cập đến vấn đề này.,"[""[00:07:52] Speaker 1: Give me a week and I'll tell you the answer. Should\n[00:07:55] Speaker 2: we put a hint that something like that might happen into the document?\n[00:07:59] Speaker 3: Maybe the speaker characterization might get slimmer."", ""[00:26:43] Speaker 1: So shall we all write a letter or two about future work as well?\n[00:26:48] Speaker 3: Yeah, I included a future work in my own section, but I just said, I said what I've done so far and what I'm going to do. Yeah, well, maybe. And some issues.\n[00:26:57] Speaker 1: Maybe you could complete that."", ""[00:05:52] Speaker 1: going to be... we don't even know how to approach that. \n[00:05:54] Speaker 3: It's a good thing to have to say what we could have done if we had more time. It's a good future work thing, isn't it? It's going to be a conclusion. It's a fun report. Should have we had more time. Yeah, \n[00:06:06] Speaker 1: yeah, yeah, that's right. Unless we discover "", ""[00:15:06] Speaker 2: see all of them at the same time. But you wouldn't want to compare\n[00:15:09] Speaker 1: one topic result with one summary result?\n[00:15:12] Speaker 2: Well, it's no. But the thing is, if you're looking, if you check them both, you'll see all the results. Yeah. Especially"", ""[00:06:50] Speaker 2: Yeah, this one is. Or some of them were a bit\n[00:06:53] Speaker 3: later or something. Yeah, that's a good one. That should have\n[00:06:56] Speaker 1: a section. Like, we have a prototype GUI, you know. Yeah, we managed to do that. Nicely.""]",Vì việc chèn các đoạn diễn giải (discursive) khác nhau cạnh nhau sẽ làm đứt quãng tính liên tục (continuity) của báo cáo.
"At the end of the meeting, what time did Speaker 0 remind everyone about tomorrow's appointment?",Câu trả lời: Speaker 0 nhắc đến cuộc hẹn vào lúc 12:30 ngày mai.,"['[00:00:43] Speaker 2: I wish I could get this first thing and just sort of did a really sort of brief version of what we have to do.\n[00:01:22] Speaker 0: Interesting stuff at the meeting?\n[00:01:33] Speaker 3: Yeah', ""[00:29:02] Speaker 1: I haven't used my pen.\n[00:29:11] Speaker 0: I've read about it on like four lines. Okay. Yeah. I'm 12, 30. Tomorrow,\n[00:29:14] Speaker 2: with... Oh,"", ""[00:04:14] Speaker 1: I mean it's up to you. I'm happy to do some as well. I have lots of time tonight. And then I'll send it to you. You can do the final version. I'll look at it like when my usual working hours are like from 12 o'clock to 3 o'clock or something. I know you're\n[00:04:27] Speaker 0: not going to get attention going around anyways.\n[00:04:36] Speaker 1:  always  online.  It  always  makes  me  feel  bad  because  when  I  go  to  bed  at  like  1,  you're still  online."", ""[00:28:29] Speaker 2: She can take it from now on.\n[00:28:35] Speaker 0: How come?\n[00:28:36] Speaker 2: I can... I don't know. Actually that's a good idea. I'll take one quick look over. Try and get it as good as I think that way."", ""[00:04:47] Speaker 2:  Just  leave  your  computer  on, maybe.  Yeah,  you  pretend.  Always  busy.\n[00:04:56] Speaker 0:  So  maybe,\n[00:04:57] Speaker 2:   but  I'm  never  online  in  the  morning,  so... Notice  that,  no  one  is.""]",Nhắc nhở lịch hẹn vào lúc 12:30 ngày mai.
